<?xml version="1.0" encoding="UTF-8"?><?xml-stylesheet type='text/xsl' href='_UpgradeReport_Files/UpgradeReport.xslt'?><UpgradeLog>
<Properties><Property Name="Solution" Value="Master1">
</Property><Property Name="Archivo de la solución" Value="C:\Documents and Settings\felipe\Escritorio\Master1\Master1.sln">
</Property><Property Name="Date" Value="martes, 15 de marzo de 2011">
</Property><Property Name="Time" Value="12:39">
</Property></Properties><Event ErrorLevel="1" Project="Master1" Source="Master1.csproj" Description="La versión de destino de su proyecto es .NET Framework 2.0 ó 3.0. Si el proyecto utiliza ensamblados que requieren una versión más reciente de .NET Framework, no se podrá compilar. Puede cambiar la versión de .NET Framework haciendo clic en Propiedades en el menú del proyecto y seleccionando una nueva versión en el cuadro desplegable '.NET Framework'. (En Visual Basic, haga clic en el botón 'Opciones avanzadas del compilador...' en la pestaña Compilar).">
</Event><Event ErrorLevel="0" Project="Master1" Source="Master1.csproj" Description="Proyecto convertido correctamente">
</Event><Event ErrorLevel="3" Project="Master1" Source="Master1.csproj" Description="Converted">
</Event><Event ErrorLevel="0" Project="" Source="Master1.sln" Description="La solución se convirtió correctamente">
</Event><Event ErrorLevel="3" Project="" Source="Master1.sln" Description="Converted">
</Event><Event ErrorLevel="0" Project="Master1" Source="Master1.csproj" Description="Examen completo: no es necesario actualizar los archivos de proyecto.">
</Event></UpgradeLog>